{
  "N": 9e+60,
  "substrate_scale": {
    "alpha_em": 3.266147032113883e-59,
    "alpha_weak": 6.532294064227766e-59,
    "alpha_strong": 2.6129176256911063e-58,
    "alpha_gravity": 1.111111111111111e-61
  },
  "Compton_scale": {
    "alpha_em": 4.5841134659248464e-57,
    "scale_bridge": 140.35233015697895
  },
  "eigenvalues": {
    "lambda_1": 413.5,
    "lambda_2": 6954.0
  },
  "mass_ratios": {
    "m_mu_over_m_e": 8.112371352970642,
    "m_tau_over_m_e": 33.2680548613988
  },
  "dark_sector": {
    "rho_lambda": 1.111111111111111e-61,
    "rho_DM": 1.710571301052947e-54,
    "sigma": 140.35233015697895
  },
  "validation": {
    "alpha_em_Compton": {
      "predicted": 4.5841134659248464e-57,
      "experimental": 0.0072973525692838015,
      "error_percent": 100.0
    },
    "m_mu_over_m_e": {
      "predicted": 8.112371352970642,
      "experimental": 206.768283,
      "error_percent": 96.07658813273086
    },
    "m_tau_over_m_e": {
      "predicted": 33.2680548613988,
      "experimental": 3477.15,
      "error_percent": 99.0432378568253
    }
  }
}